Workbook

Sheet average results
A1: QP | B1: Average time (s) | C1: Average FPS | D1: Average encoded file size
A2: 1 | B2: {=ROUND(AVERAGE('raw results 1'!C2,'raw results 2'!C2,'raw results 3'!C2),3)} -> 0.978 | C2: {=ROUND(AVERAGE('raw results 1'!D2,'raw results 2'!D2,'raw results 3'!D2),3)} -> 306.744 | D2: {=ROUND(AVERAGE('raw results 1'!E2,'raw results 2'!E2,'raw results 3'!E2),3)} -> 17709564
A3: 2 | B3: {=ROUND(AVERAGE('raw results 1'!C3,'raw results 2'!C3,'raw results 3'!C3),3)} -> 0.987 | C3: {=ROUND(AVERAGE('raw results 1'!D3,'raw results 2'!D3,'raw results 3'!D3),3)} -> 303.843 | D3: {=ROUND(AVERAGE('raw results 1'!E3,'raw results 2'!E3,'raw results 3'!E3),3)} -> 16725093
A4: 3 | B4: {=ROUND(AVERAGE('raw results 1'!C4,'raw results 2'!C4,'raw results 3'!C4),3)} -> 1.052 | C4: {=ROUND(AVERAGE('raw results 1'!D4,'raw results 2'!D4,'raw results 3'!D4),3)} -> 291.179 | D4: {=ROUND(AVERAGE('raw results 1'!E4,'raw results 2'!E4,'raw results 3'!E4),3)} -> 15648823
A5: 4 | B5: {=ROUND(AVERAGE('raw results 1'!C5,'raw results 2'!C5,'raw results 3'!C5),3)} -> 0.9 | C5: {=ROUND(AVERAGE('raw results 1'!D5,'raw results 2'!D5,'raw results 3'!D5),3)} -> 333.564 | D5: {=ROUND(AVERAGE('raw results 1'!E5,'raw results 2'!E5,'raw results 3'!E5),3)} -> 14658014
A6: 5 | B6: {=ROUND(AVERAGE('raw results 1'!C6,'raw results 2'!C6,'raw results 3'!C6),3)} -> 0.87 | C6: {=ROUND(AVERAGE('raw results 1'!D6,'raw results 2'!D6,'raw results 3'!D6),3)} -> 344.793 | D6: {=ROUND(AVERAGE('raw results 1'!E6,'raw results 2'!E6,'raw results 3'!E6),3)} -> 13559204
A7: 6 | B7: {=ROUND(AVERAGE('raw results 1'!C7,'raw results 2'!C7,'raw results 3'!C7),3)} -> 0.822 | C7: {=ROUND(AVERAGE('raw results 1'!D7,'raw results 2'!D7,'raw results 3'!D7),3)} -> 365.011 | D7: {=ROUND(AVERAGE('raw results 1'!E7,'raw results 2'!E7,'raw results 3'!E7),3)} -> 12395996
A8: 7 | B8: {=ROUND(AVERAGE('raw results 1'!C8,'raw results 2'!C8,'raw results 3'!C8),3)} -> 0.801 | C8: {=ROUND(AVERAGE('raw results 1'!D8,'raw results 2'!D8,'raw results 3'!D8),3)} -> 374.45 | D8: {=ROUND(AVERAGE('raw results 1'!E8,'raw results 2'!E8,'raw results 3'!E8),3)} -> 11289369
A9: 8 | B9: {=ROUND(AVERAGE('raw results 1'!C9,'raw results 2'!C9,'raw results 3'!C9),3)} -> 0.814 | C9: {=ROUND(AVERAGE('raw results 1'!D9,'raw results 2'!D9,'raw results 3'!D9),3)} -> 371.455 | D9: {=ROUND(AVERAGE('raw results 1'!E9,'raw results 2'!E9,'raw results 3'!E9),3)} -> 10076465
A10: 9 | B10: {=ROUND(AVERAGE('raw results 1'!C10,'raw results 2'!C10,'raw results 3'!C10),3)} -> 0.759 | C10: {=ROUND(AVERAGE('raw results 1'!D10,'raw results 2'!D10,'raw results 3'!D10),3)} -> 396.996 | D10: {=ROUND(AVERAGE('raw results 1'!E10,'raw results 2'!E10,'raw results 3'!E10),3)} -> 8971080
A11: 10 | B11: {=ROUND(AVERAGE('raw results 1'!C11,'raw results 2'!C11,'raw results 3'!C11),3)} -> 0.704 | C11: {=ROUND(AVERAGE('raw results 1'!D11,'raw results 2'!D11,'raw results 3'!D11),3)} -> 426.03 | D11: {=ROUND(AVERAGE('raw results 1'!E11,'raw results 2'!E11,'raw results 3'!E11),3)} -> 7906524
A12: 11 | B12: {=ROUND(AVERAGE('raw results 1'!C12,'raw results 2'!C12,'raw results 3'!C12),3)} -> 0.656 | C12: {=ROUND(AVERAGE('raw results 1'!D12,'raw results 2'!D12,'raw results 3'!D12),3)} -> 457.681 | D12: {=ROUND(AVERAGE('raw results 1'!E12,'raw results 2'!E12,'raw results 3'!E12),3)} -> 6926439
A13: 12 | B13: {=ROUND(AVERAGE('raw results 1'!C13,'raw results 2'!C13,'raw results 3'!C13),3)} -> 0.615 | C13: {=ROUND(AVERAGE('raw results 1'!D13,'raw results 2'!D13,'raw results 3'!D13),3)} -> 487.758 | D13: {=ROUND(AVERAGE('raw results 1'!E13,'raw results 2'!E13,'raw results 3'!E13),3)} -> 6035985
... A52: 51 | B52: {=ROUND(AVERAGE('raw results 1'!C52,'raw results 2'!C52,'raw results 3'!C52),3)} -> 0.118 | C52: {=ROUND(AVERAGE('raw results 1'!D52,'raw results 2'!D52,'raw results 3'!D52),3)} -> 2545.336 | D52: {=ROUND(AVERAGE('raw results 1'!E52,'raw results 2'!E52,'raw results 3'!E52),3)} -> 42466

Sheet raw results 1
A1: Encoded filename | B1: QP | C1: Time (s) | D1: FPS | E1: Encoded file size
A2: outputs/output_qp_1.264 | B2: 1 | C2: 0.963 | D2: 311.448 | E2: 17709564
A3: outputs/output_qp_2.264 | B3: 2 | C3: 0.976 | D3: 307.45 | E3: 16725093
A4: outputs/output_qp_3.264 | B4: 3 | C4: 1.274 | D4: 235.438 | E4: 15648823
A5: outputs/output_qp_4.264 | B5: 4 | C5: 0.906 | D5: 331.125 | E5: 14658014
A6: outputs/output_qp_5.264 | B6: 5 | C6: 0.866 | D6: 346.501 | E6: 13559204
A7: outputs/output_qp_6.264 | B7: 6 | C7: 0.816 | D7: 367.838 | E7: 12395996
A8: outputs/output_qp_7.264 | B8: 7 | C8: 0.79 | D8: 379.563 | E8: 11289369
A9: outputs/output_qp_8.264 | B9: 8 | C9: 0.742 | D9: 404.258 | E9: 10076465
A10: outputs/output_qp_9.264 | B10: 9 | C10: 0.715 | D10: 419.856 | E10: 8971080
A11: outputs/output_qp_10.264 | B11: 10 | C11: 0.705 | D11: 425.753 | E11: 7906524
A12: outputs/output_qp_11.264 | B12: 11 | C12: 0.645 | D12: 465.044 | E12: 6926439
A13: outputs/output_qp_12.264 | B13: 12 | C13: 0.61 | D13: 491.433 | E13: 6035985
... A52: outputs/output_qp_51.264 | B52: 51 | C52: 0.12 | D52: 2495.813 | E52: 42466

Sheet raw results 2
A1: Encoded filename | B1: QP | C1: Time (s) | D1: FPS | E1: Encoded file size
A2: outputs/output_qp_1.264 | B2: 1 | C2: 1.003 | D2: 299.239 | E2: 17709564
A3: outputs/output_qp_2.264 | B3: 2 | C3: 0.992 | D3: 302.348 | E3: 16725093
A4: outputs/output_qp_3.264 | B4: 3 | C4: 0.918 | D4: 326.711 | E4: 15648823
A5: outputs/output_qp_4.264 | B5: 4 | C5: 0.883 | D5: 339.793 | E5: 14658014
A6: outputs/output_qp_5.264 | B6: 5 | C6: 0.876 | D6: 342.65 | E6: 13559204
A7: outputs/output_qp_6.264 | B7: 6 | C7: 0.821 | D7: 365.214 | E7: 12395996
A8: outputs/output_qp_7.264 | B8: 7 | C8: 0.806 | D8: 372.415 | E8: 11289369
A9: outputs/output_qp_8.264 | B9: 8 | C9: 0.789 | D9: 380.428 | E9: 10076465
A10: outputs/output_qp_9.264 | B10: 9 | C10: 0.832 | D10: 360.779 | E10: 8971080
A11: outputs/output_qp_10.264 | B11: 10 | C11: 0.71 | D11: 422.785 | E11: 7906524
A12: outputs/output_qp_11.264 | B12: 11 | C12: 0.652 | D12: 460.288 | E12: 6926439
A13: outputs/output_qp_12.264 | B13: 12 | C13: 0.629 | D13: 476.923 | E13: 6035985
... A52: outputs/output_qp_51.264 | B52: 51 | C52: 0.115 | D52: 2613.975 | E52: 42466

Sheet raw results 3
A1: Encoded filename | B1: QP | C1: Time (s) | D1: FPS | E1: Encoded file size
A2: outputs/output_qp_1.264 | B2: 1 | C2: 0.969 | D2: 309.544 | E2: 17709564
A3: outputs/output_qp_2.264 | B3: 2 | C3: 0.994 | D3: 301.73 | E3: 16725093
A4: outputs/output_qp_3.264 | B4: 3 | C4: 0.963 | D4: 311.388 | E4: 15648823
A5: outputs/output_qp_4.264 | B5: 4 | C5: 0.91 | D5: 329.773 | E5: 14658014
A6: outputs/output_qp_5.264 | B6: 5 | C6: 0.869 | D6: 345.227 | E6: 13559204
A7: outputs/output_qp_6.264 | B7: 6 | C7: 0.829 | D7: 361.981 | E7: 12395996
A8: outputs/output_qp_7.264 | B8: 7 | C8: 0.808 | D8: 371.371 | E8: 11289369
A9: outputs/output_qp_8.264 | B9: 8 | C9: 0.91 | D9: 329.678 | E9: 10076465
A10: outputs/output_qp_9.264 | B10: 9 | C10: 0.731 | D10: 410.354 | E10: 8971080
A11: outputs/output_qp_10.264 | B11: 10 | C11: 0.698 | D11: 429.551 | E11: 7906524
A12: outputs/output_qp_11.264 | B12: 11 | C12: 0.67 | D12: 447.711 | E12: 6926439
A13: outputs/output_qp_12.264 | B13: 12 | C13: 0.606 | D13: 494.917 | E13: 6035985
... A52: outputs/output_qp_51.264 | B52: 51 | C52: 0.119 | D52: 2526.221 | E52: 42466
